-- phpMyAdmin SQL Dump
-- version 4.6.6deb5
-- https://www.phpmyadmin.net/
--
-- Host: localhost:3306
-- Generation Time: Jul 26, 2018 at 05:23 PM
-- Server version: 5.7.22-0ubuntu18.04.1
-- PHP Version: 7.2.7-0ubuntu0.18.04.2

SET SQL_MODE = "NO_AUTO_VALUE_ON_ZERO";
SET time_zone = "+00:00";


/*!40101 SET @OLD_CHARACTER_SET_CLIENT=@@CHARACTER_SET_CLIENT */;
/*!40101 SET @OLD_CHARACTER_SET_RESULTS=@@CHARACTER_SET_RESULTS */;
/*!40101 SET @OLD_COLLATION_CONNECTION=@@COLLATION_CONNECTION */;
/*!40101 SET NAMES utf8mb4 */;

--
-- Database: `pblog`
--

-- --------------------------------------------------------

--
-- Table structure for table `categories`
--

CREATE TABLE `categories` (
  `category_id` int(11) NOT NULL,
  `cat_name` varchar(255) COLLATE utf8_turkish_ci NOT NULL
) ENGINE=InnoDB DEFAULT CHARSET=utf8 COLLATE=utf8_turkish_ci;

--
-- Dumping data for table `categories`
--

INSERT INTO `categories` (`category_id`, `cat_name`) VALUES
(1, 'Others'),
(2, 'Technology'),
(3, 'Software Development');

-- --------------------------------------------------------

--
-- Table structure for table `comments`
--

CREATE TABLE `comments` (
  `comment_id` int(11) NOT NULL,
  `user_id` int(11) NOT NULL,
  `post_id` int(11) NOT NULL,
  `comment` varchar(255) COLLATE utf8_turkish_ci NOT NULL,
  `comment_time` datetime NOT NULL DEFAULT CURRENT_TIMESTAMP
) ENGINE=InnoDB DEFAULT CHARSET=utf8 COLLATE=utf8_turkish_ci;

--
-- Dumping data for table `comments`
--

INSERT INTO `comments` (`comment_id`, `user_id`, `post_id`, `comment`, `comment_time`) VALUES
(85, 21, 22, 'aaa', '2018-07-26 16:56:08'),
(87, 22, 22, 'Ozans Comment', '2018-07-26 17:13:30'),
(88, 22, 23, 'ozan comment', '2018-07-26 17:14:44');

-- --------------------------------------------------------

--
-- Table structure for table `posts`
--

CREATE TABLE `posts` (
  `post_id` int(11) NOT NULL,
  `user_id` int(11) NOT NULL,
  `title` varchar(255) COLLATE utf8_turkish_ci NOT NULL,
  `category_id` int(11) NOT NULL DEFAULT '1',
  `tags` varchar(255) COLLATE utf8_turkish_ci NOT NULL,
  `description` varchar(140) COLLATE utf8_turkish_ci NOT NULL,
  `content` text COLLATE utf8_turkish_ci NOT NULL,
  `source_link` varchar(255) COLLATE utf8_turkish_ci NOT NULL,
  `post_date` datetime NOT NULL DEFAULT CURRENT_TIMESTAMP,
  `status` tinyint(1) DEFAULT '1'
) ENGINE=InnoDB DEFAULT CHARSET=utf8 COLLATE=utf8_turkish_ci;

--
-- Dumping data for table `posts`
--

INSERT INTO `posts` (`post_id`, `user_id`, `title`, `category_id`, `tags`, `description`, `content`, `source_link`, `post_date`, `status`) VALUES
(22, 21, 'Yusuf Alper&#39;s Tıtle', 2, '#tagYusufAlper', 'Yusuf Alpers Description', 'Yusuf Alpers Content', 'https://github.com/yusufalper', '2018-07-26 16:29:41', 1),
(23, 22, 'Ozans Post', 3, '#ozanspost', 'Ozans description', 'Ozans content', 'ozan.ozan', '2018-07-26 17:14:35', 1);

-- --------------------------------------------------------

--
-- Table structure for table `users`
--

CREATE TABLE `users` (
  `user_id` int(11) NOT NULL,
  `email` varchar(255) COLLATE utf8_turkish_ci NOT NULL,
  `name` varchar(255) COLLATE utf8_turkish_ci NOT NULL,
  `surname` varchar(255) COLLATE utf8_turkish_ci NOT NULL,
  `password` varchar(255) COLLATE utf8_turkish_ci NOT NULL,
  `phone` varchar(255) COLLATE utf8_turkish_ci NOT NULL,
  `bio` varchar(255) COLLATE utf8_turkish_ci DEFAULT NULL,
  `register_date` datetime NOT NULL DEFAULT CURRENT_TIMESTAMP
) ENGINE=InnoDB DEFAULT CHARSET=utf8 COLLATE=utf8_turkish_ci;

--
-- Dumping data for table `users`
--

INSERT INTO `users` (`user_id`, `email`, `name`, `surname`, `password`, `phone`, `bio`, `register_date`) VALUES
(21, 'yusufalpersari@yandex.com', 'Yusuf Alper', 'Sarı', '698d51a19d8a121ce581499d7b701668', '88-888-888-8888', NULL, '2018-07-26 16:28:35'),
(22, 'ozan@ozan.com', 'Ozan', 'Gumus', '202cb962ac59075b964b07152d234b70', '99-999-999-9999', 'ozans bio', '2018-07-26 17:13:05');

--
-- Indexes for dumped tables
--

--
-- Indexes for table `categories`
--
ALTER TABLE `categories`
  ADD PRIMARY KEY (`category_id`);

--
-- Indexes for table `comments`
--
ALTER TABLE `comments`
  ADD PRIMARY KEY (`comment_id`),
  ADD KEY `user_id` (`user_id`),
  ADD KEY `post_id` (`post_id`);

--
-- Indexes for table `posts`
--
ALTER TABLE `posts`
  ADD PRIMARY KEY (`post_id`),
  ADD KEY `id` (`user_id`),
  ADD KEY `category_id` (`category_id`);

--
-- Indexes for table `users`
--
ALTER TABLE `users`
  ADD PRIMARY KEY (`user_id`);

--
-- AUTO_INCREMENT for dumped tables
--

--
-- AUTO_INCREMENT for table `categories`
--
ALTER TABLE `categories`
  MODIFY `category_id` int(11) NOT NULL AUTO_INCREMENT, AUTO_INCREMENT=4;
--
-- AUTO_INCREMENT for table `comments`
--
ALTER TABLE `comments`
  MODIFY `comment_id` int(11) NOT NULL AUTO_INCREMENT, AUTO_INCREMENT=89;
--
-- AUTO_INCREMENT for table `posts`
--
ALTER TABLE `posts`
  MODIFY `post_id` int(11) NOT NULL AUTO_INCREMENT, AUTO_INCREMENT=24;
--
-- AUTO_INCREMENT for table `users`
--
ALTER TABLE `users`
  MODIFY `user_id` int(11) NOT NULL AUTO_INCREMENT, AUTO_INCREMENT=23;
--
-- Constraints for dumped tables
--

--
-- Constraints for table `comments`
--
ALTER TABLE `comments`
  ADD CONSTRAINT `comments_ibfk_1` FOREIGN KEY (`post_id`) REFERENCES `posts` (`post_id`) ON DELETE NO ACTION ON UPDATE CASCADE,
  ADD CONSTRAINT `comments_ibfk_2` FOREIGN KEY (`user_id`) REFERENCES `users` (`user_id`) ON DELETE NO ACTION ON UPDATE CASCADE;

--
-- Constraints for table `posts`
--
ALTER TABLE `posts`
  ADD CONSTRAINT `posts_ibfk_1` FOREIGN KEY (`user_id`) REFERENCES `users` (`user_id`) ON DELETE CASCADE ON UPDATE CASCADE,
  ADD CONSTRAINT `posts_ibfk_2` FOREIGN KEY (`category_id`) REFERENCES `categories` (`category_id`) ON DELETE NO ACTION ON UPDATE CASCADE;

/*!40101 SET CHARACTER_SET_CLIENT=@OLD_CHARACTER_SET_CLIENT */;
/*!40101 SET CHARACTER_SET_RESULTS=@OLD_CHARACTER_SET_RESULTS */;
/*!40101 SET COLLATION_CONNECTION=@OLD_COLLATION_CONNECTION */;
